Time	Price	Vol(k)	W
19-01-2026 16:38:06	2.2600	0.1	s
19-01-2026 16:37:53	2.2500	3.2	b
19-01-2026 16:37:31	2.2500	0.3	b
19-01-2026 16:37:10	2.2600	2.4	s
19-01-2026 16:36:15	2.2600	1.4	s
19-01-2026 16:35:48	2.2600	0.5	s
19-01-2026 16:35:27	2.2600	0.1	s
19-01-2026 16:35:26	2.2600	0.2	s
19-01-2026 16:35:20	2.2500	0.3	b
19-01-2026 16:35:15	2.2500	0.3	b
19-01-2026 16:34:33	2.2600	1	s
19-01-2026 16:34:22	2.2600	1.9	s
19-01-2026 16:34:04	2.2600	0.7	s
19-01-2026 16:33:18	2.2600	0.6	s
19-01-2026 16:32:35	2.2500	0.1	b
19-01-2026 16:32:19	2.2600	1.8	s
19-01-2026 16:31:39	2.2500	0.3	b
19-01-2026 16:31:15	2.2500	8.8	b
19-01-2026 16:30:48	2.2500	0.2	b
19-01-2026 16:30:22	2.2600	0.1	s
19-01-2026 16:30:19	2.2600	0.1	s
19-01-2026 16:30:08	2.2600	2	s
19-01-2026 16:29:59	2.2600	1.8	s
19-01-2026 16:29:42	2.2600	3	s
19-01-2026 16:28:51	2.2600	0.6	s
19-01-2026 16:28:16	2.2600	1.2	s
19-01-2026 16:26:39	2.2500	0.3	b
19-01-2026 16:25:54	2.2500	0.2	b
19-01-2026 16:25:53	2.2600	1.6	s
19-01-2026 16:25:20	2.2600	0.2	s
19-01-2026 16:23:37	2.2600	0.7	s
19-01-2026 16:22:28	2.2600	2.5	s
19-01-2026 16:22:07	2.2600	0.5	s
19-01-2026 16:21:59	2.2500	0.3	b
19-01-2026 16:21:43	2.2600	1.8	s
19-01-2026 16:20:26	2.2600	0.3	s
19-01-2026 16:20:18	2.2600	1.8	s
19-01-2026 16:19:39	2.2600	0.1	s
19-01-2026 16:19:36	2.2600	1.2	s
19-01-2026 16:19:15	2.2500	5.6	b
19-01-2026 16:19:08	2.2600	1.2	s
19-01-2026 16:19:07	2.2600	1.1	s
19-01-2026 16:18:57	2.2600	0.5	s
19-01-2026 16:18:20	2.2500	0.3	b
19-01-2026 16:18:00	2.2600	1.1	s
19-01-2026 16:16:55	2.2500	0.1	b
19-01-2026 16:16:52	2.2600	1.2	s
19-01-2026 16:15:37	2.2600	1.4	s
19-01-2026 16:15:20	2.2500	0.3	b
19-01-2026 16:15:20	2.2600	0.3	s
19-01-2026 16:15:19	2.2600	0.1	s
19-01-2026 16:14:35	2.2600	1.2	s
19-01-2026 16:14:00	2.2600	1.3	s
19-01-2026 16:12:57	2.2600	0.1	s
19-01-2026 16:12:37	2.2600	0.6	s
19-01-2026 16:12:36	2.2600	2.4	s
19-01-2026 16:12:00	2.2500	1.1	b
19-01-2026 16:11:59	2.2500	0.5	b
19-01-2026 16:11:49	2.2500	1	b
19-01-2026 16:11:47	2.2600	0.1	s
19-01-2026 16:11:47	2.2600	1	s
19-01-2026 16:11:45	2.2500	0.1	b
19-01-2026 16:11:40	2.2500	0.3	b
19-01-2026 16:10:45	2.2500	2.2	b
19-01-2026 16:10:26	2.2600	4.5	s
19-01-2026 16:10:23	2.2500	0.1	b
19-01-2026 16:10:17	2.2600	0.5	s
19-01-2026 16:10:15	2.2500	18.2	b
19-01-2026 16:10:12	2.2600	2	s
19-01-2026 16:10:01	2.2600	0.1	s
19-01-2026 16:09:50	2.2600	0.8	s
19-01-2026 16:09:11	2.2600	1.3	s
19-01-2026 16:07:24	2.2600	2.2	s
19-01-2026 16:06:42	2.2500	0.1	b
19-01-2026 16:06:26	2.2500	0.4	b
19-01-2026 16:06:26	2.2600	0.8	s
19-01-2026 16:06:11	2.2600	8.8	s
19-01-2026 16:05:24	2.2600	2.4	s
19-01-2026 16:05:19	2.2600	0.5	s
19-01-2026 16:05:15	2.2600	2	s
19-01-2026 16:05:11	2.2500	0.3	b
19-01-2026 16:04:41	2.2600	0.1	s
19-01-2026 16:04:26	2.2600	1.1	s
19-01-2026 16:03:57	2.2600	1	s
19-01-2026 16:03:04	2.2500	0.1	b
19-01-2026 16:03:00	2.2600	1.6	s
19-01-2026 16:02:31	2.2500	0.3	b
19-01-2026 16:01:30	2.2500	0.3	b
19-01-2026 16:01:09	2.2600	1.9	s
19-01-2026 15:59:32	2.2500	0.3	b
19-01-2026 15:59:05	2.2600	2	s
19-01-2026 15:58:31	2.2500	0.2	b
19-01-2026 15:58:00	2.2600	0.1	s
19-01-2026 15:56:58	2.2600	1.2	s
19-01-2026 15:56:44	2.2600	2.1	s
19-01-2026 15:56:24	2.2600	0.6	s
19-01-2026 15:54:32	2.2500	0.3	b
19-01-2026 15:54:25	2.2600	0.5	s
19-01-2026 15:54:03	2.2600	2.2	s
19-01-2026 15:54:02	2.2500	0.1	b
19-01-2026 15:53:46	2.2600	1	s
19-01-2026 15:52:11	2.2600	1.4	s
19-01-2026 15:52:00	2.2500	0.2	b
19-01-2026 15:51:05	2.2600	0.9	s
19-01-2026 15:50:28	2.2600	1.2	s
19-01-2026 15:50:12	2.2500	0.3	b
19-01-2026 15:50:00	2.2500	18.8	b
19-01-2026 15:49:49	2.2500	0.1	b
19-01-2026 15:49:47	2.2600	0.1	s
19-01-2026 15:47:32	2.2500	0.3	b
19-01-2026 15:47:28	2.2600	0.4	s
19-01-2026 15:46:59	2.2600	2.2	s
19-01-2026 15:44:32	2.2500	0.3	b
19-01-2026 15:44:19	2.2600	1.5	s
19-01-2026 15:44:16	2.2600	0.1	s
19-01-2026 15:42:58	2.2600	0.7	s
19-01-2026 15:42:16	2.2600	1.1	s
19-01-2026 15:42:08	2.2500	0.5	b
19-01-2026 15:41:57	2.2500	0.3	b
19-01-2026 15:41:19	2.2600	0.1	s
19-01-2026 15:41:14	2.2500	0.3	b
19-01-2026 15:41:07	2.2600	0.4	s
19-01-2026 15:40:09	2.2600	0.6	s
19-01-2026 15:40:07	2.2600	0.1	s
19-01-2026 15:39:46	2.2600	0.1	s
19-01-2026 15:39:20	2.2600	0.1	s
19-01-2026 15:39:19	2.2600	2.2	s
19-01-2026 15:39:17	2.2600	0.4	s
19-01-2026 15:39:17	2.2600	1.6	s
19-01-2026 15:39:15	2.2500	0.3	b
19-01-2026 15:38:25	2.2500	0.5	b
19-01-2026 15:38:06	2.2600	1	s
19-01-2026 15:38:04	2.2600	0.1	s
19-01-2026 15:37:20	2.2600	1.1	s
19-01-2026 15:36:52	2.2500	0.3	b
19-01-2026 15:36:13	2.2600	10	s
19-01-2026 15:36:04	2.2600	0.3	s
19-01-2026 15:34:28	2.2600	0.1	s
19-01-2026 15:34:08	2.2600	0.1	s
19-01-2026 15:33:48	2.2600	2.2	s
19-01-2026 15:33:37	2.2500	0.1	b
19-01-2026 15:32:32	2.2500	0.3	b
19-01-2026 15:32:24	2.2500	0.3	b
19-01-2026 15:32:24	2.2600	0.4	s
19-01-2026 15:30:50	2.2600	0.2	s
19-01-2026 15:30:49	2.2600	0.3	s
19-01-2026 15:30:37	2.2600	2.3	s
19-01-2026 15:30:34	2.2600	0.2	s
19-01-2026 15:30:20	2.2600	0.2	s
19-01-2026 15:30:04	2.2600	0.2	s
19-01-2026 15:29:47	2.2600	0.2	s
19-01-2026 15:29:46	2.2600	0.1	s
19-01-2026 15:29:30	2.2600	0.2	s
19-01-2026 15:29:18	2.2600	2	s
19-01-2026 15:29:16	2.2600	0.2	s
19-01-2026 15:29:00	2.2600	0.2	s
19-01-2026 15:28:51	2.2600	2	s
19-01-2026 15:28:42	2.2600	0.2	s
19-01-2026 15:28:26	2.2600	0.2	s
19-01-2026 15:28:08	2.2600	0.2	s
19-01-2026 15:28:07	2.2600	0.5	s
19-01-2026 15:28:03	2.2600	2	s
19-01-2026 15:27:52	2.2500	0.3	b
19-01-2026 15:27:51	2.2600	0.2	s
19-01-2026 15:27:33	2.2600	0.2	s
19-01-2026 15:27:18	2.2600	0.2	s
19-01-2026 15:26:49	2.2600	0.2	s
19-01-2026 15:26:29	2.2600	0.2	s
19-01-2026 15:26:09	2.2600	0.3	s
19-01-2026 15:25:49	2.2600	0.4	s
19-01-2026 15:25:45	2.2500	19.6	b
19-01-2026 15:25:35	2.2600	0.2	s
19-01-2026 15:25:17	2.2600	0.2	s
19-01-2026 15:25:17	2.2600	2.2	s
19-01-2026 15:25:04	2.2600	0.2	s
19-01-2026 15:24:50	2.2500	1.4	b
19-01-2026 15:24:44	2.2600	0.2	s
19-01-2026 15:24:31	2.2600	0.3	s
19-01-2026 15:24:18	2.2600	0.2	s
19-01-2026 15:24:01	2.2600	0.1	s
19-01-2026 15:23:46	2.2600	0.5	s
19-01-2026 15:23:36	2.2500	0.4	b
19-01-2026 15:22:52	2.2500	0.3	b
19-01-2026 15:22:43	2.2600	1.9	s
19-01-2026 15:21:42	2.2600	0.2	s
19-01-2026 15:20:42	2.2600	0.3	s
19-01-2026 15:20:24	2.2600	1.4	s
19-01-2026 15:19:15	2.2500	0.2	b
19-01-2026 15:18:57	2.2600	2.4	s
19-01-2026 15:18:30	2.2500	0.1	b
19-01-2026 15:17:44	2.2600	0.1	s
19-01-2026 15:17:41	2.2600	1.5	s
19-01-2026 15:16:35	2.2600	10	s
19-01-2026 15:16:19	2.2600	1.4	s
19-01-2026 15:15:36	2.2500	0.1	b
19-01-2026 15:14:47	2.2600	0.1	s
19-01-2026 15:14:46	2.2600	0.4	s
19-01-2026 15:14:37	2.2500	0.3	b
19-01-2026 15:14:07	2.2600	0.1	s
19-01-2026 15:13:47	2.2600	1.3	s
19-01-2026 15:13:30	2.2500	0.2	b
19-01-2026 15:12:37	2.2600	15	s
19-01-2026 15:12:35	2.2600	0.1	s
19-01-2026 15:11:37	2.2600	0.3	s
19-01-2026 15:10:39	2.2600	0.2	s
19-01-2026 15:09:53	2.2600	2.2	s
19-01-2026 15:09:15	2.2500	0.1	b
19-01-2026 15:09:06	2.2600	0.1	s
19-01-2026 15:09:00	2.2500	0.1	b
19-01-2026 15:08:57	2.2500	0.3	b
19-01-2026 15:08:00	2.2600	0.1	s
19-01-2026 15:08:00	2.2500	0.1	b
19-01-2026 15:07:57	2.2500	0.2	b
19-01-2026 15:07:30	2.2500	0.1	b
19-01-2026 15:07:26	2.2600	0.1	s
19-01-2026 15:07:00	2.2500	17.5	b
19-01-2026 15:06:53	2.2600	2	s
19-01-2026 15:06:48	2.2600	0.2	s
19-01-2026 15:06:06	2.2600	0.5	s
19-01-2026 15:05:42	2.2600	0.5	s
19-01-2026 15:05:30	2.2600	2	s
19-01-2026 15:04:58	2.2600	1.1	s
19-01-2026 15:04:50	2.2600	0.5	s
19-01-2026 15:04:46	2.2600	0.1	s
19-01-2026 15:04:00	2.2600	0.1	s
19-01-2026 15:04:00	2.2500	0.6	b
19-01-2026 15:03:57	2.2600	3.2	s
19-01-2026 15:03:39	2.2500	0.3	b
19-01-2026 15:03:35	2.2500	0.2	b
19-01-2026 15:03:31	2.2600	0.1	s
19-01-2026 15:03:15	2.2600	0.1	s
19-01-2026 15:03:15	2.2500	0.2	b
19-01-2026 15:03:05	2.2600	1.1	s
19-01-2026 15:02:55	2.2600	0.3	s
19-01-2026 15:02:34	2.2600	0.1	s
19-01-2026 15:01:29	2.2500	0.3	b
19-01-2026 15:00:56	2.2600	1.2	s
19-01-2026 15:00:16	2.2600	0.1	s
19-01-2026 15:00:00	2.2500	0.2	b
19-01-2026 14:59:14	2.2600	0.1	s
19-01-2026 14:58:33	2.2600	1.3	s
19-01-2026 14:58:14	2.2500	0.3	b
19-01-2026 14:56:58	2.2600	0.5	s
19-01-2026 14:56:52	2.2500	0.1	b
19-01-2026 14:56:44	2.2600	0.4	s
19-01-2026 14:55:57	2.2600	1.3	s
19-01-2026 14:55:41	2.2600	0.1	s
19-01-2026 14:55:18	2.2600	2	s
19-01-2026 14:54:56	2.2500	0.1	b
19-01-2026 14:54:10	2.2600	2	s
19-01-2026 14:53:14	2.2600	1.2	s
19-01-2026 14:51:58	2.2500	0.3	b
19-01-2026 14:51:56	2.2600	0.5	s
19-01-2026 14:50:40	2.2600	0.1	s
19-01-2026 14:50:21	2.2600	0.4	s
19-01-2026 14:49:28	2.2600	0.4	s
19-01-2026 14:49:25	2.2600	0.1	s
19-01-2026 14:48:36	2.2600	1.9	s
19-01-2026 14:48:27	2.2600	0.4	s
19-01-2026 14:46:30	2.2500	0.5	b
19-01-2026 14:46:13	2.2500	0.3	b
19-01-2026 14:46:00	2.2600	1.1	s
19-01-2026 14:45:05	2.2500	0.1	b
19-01-2026 14:43:44	2.2500	0.1	b
19-01-2026 14:43:35	2.2600	1.1	s
19-01-2026 14:42:45	2.2600	0.2	s
19-01-2026 14:41:34	2.2600	0.1	s
19-01-2026 14:41:05	2.2600	0.4	s
19-01-2026 14:41:04	2.2500	0.3	b
19-01-2026 14:40:38	2.2600	1.1	s
19-01-2026 14:38:53	2.2500	0.3	b
19-01-2026 14:38:13	2.2600	0.2	s
19-01-2026 14:37:02	2.2600	0.1	s
19-01-2026 14:36:58	2.2600	0.1	s
19-01-2026 14:36:55	2.2600	0.1	s
19-01-2026 14:36:01	2.2500	0.3	b
19-01-2026 14:35:58	2.2600	4.1	s
19-01-2026 14:34:34	2.2500	0.1	b
19-01-2026 14:32:55	2.2600	0.4	s
19-01-2026 14:32:33	2.2500	0.1	b
19-01-2026 14:32:32	2.2600	0.1	s
19-01-2026 14:31:34	2.2600	0.9	s
19-01-2026 14:30:33	2.2600	0.6	s
19-01-2026 14:30:30	2.2500	5.3	b
19-01-2026 14:29:21	2.2600	0.2	s
19-01-2026 14:29:17	2.2600	1.6	s
19-01-2026 14:29:16	2.2600	10	s
19-01-2026 14:28:07	2.2600	0.1	s
19-01-2026 14:27:52	2.2600	0.2	s
19-01-2026 14:27:50	2.2500	0.3	b
19-01-2026 14:26:45	2.2500	0.7	b
19-01-2026 14:26:41	2.2600	0.2	s
19-01-2026 14:26:25	2.2600	0.2	s
19-01-2026 14:26:08	2.2600	0.2	s
19-01-2026 14:25:58	2.2600	0.4	s
19-01-2026 14:25:52	2.2600	0.2	s
19-01-2026 14:25:36	2.2600	0.2	s
19-01-2026 14:25:19	2.2600	0.2	s
19-01-2026 14:25:15	2.2500	0.1	b
19-01-2026 14:25:05	2.2600	0.2	s
19-01-2026 14:24:45	2.2500	0.1	b
19-01-2026 14:24:40	2.2600	0.2	s
19-01-2026 14:24:16	2.2600	0.2	s
19-01-2026 14:24:00	2.2500	0.1	b
19-01-2026 14:23:46	2.2600	0.2	s
19-01-2026 14:23:30	2.2500	10.1	b
19-01-2026 14:23:20	2.2500	0.3	b
19-01-2026 14:22:33	2.2600	0.5	s
19-01-2026 14:19:56	2.2600	0.1	s
19-01-2026 14:19:17	2.2600	0.1	s
19-01-2026 14:18:57	2.2600	0.1	s
19-01-2026 14:18:25	2.2600	1	s
19-01-2026 14:18:22	2.2600	1.4	s
19-01-2026 14:18:22	2.2600	5.9	s
19-01-2026 14:17:02	2.2600	0.1	s
19-01-2026 14:16:57	2.2600	0.5	s
19-01-2026 14:14:16	2.2500	0.1	b
19-01-2026 14:12:16	2.2500	0.3	b
19-01-2026 14:10:44	2.2600	0.1	s
19-01-2026 14:10:24	2.2600	0.1	s
19-01-2026 14:09:28	2.2600	0.1	s
19-01-2026 14:08:31	2.2600	1	s
19-01-2026 14:08:28	2.2600	0.1	s
19-01-2026 14:08:07	2.2600	0.9	s
19-01-2026 14:07:28	2.2600	0.1	s
19-01-2026 14:06:28	2.2600	0.1	s
19-01-2026 14:06:02	2.2600	0.7	s
19-01-2026 14:05:28	2.2600	0.1	s
19-01-2026 14:04:35	2.2600	0.1	s
19-01-2026 14:04:32	2.2600	5	s
19-01-2026 14:01:25	2.2600	0.8	s
19-01-2026 14:00:48	2.2500	0.1	b
19-01-2026 13:59:00	2.2600	3	s
19-01-2026 13:56:35	2.2600	0.1	s
19-01-2026 13:56:01	2.2500	0.3	b
19-01-2026 13:55:16	2.2600	0.4	s
19-01-2026 13:53:45	2.2600	0.2	s
19-01-2026 13:48:15	2.2500	0.2	b
19-01-2026 13:48:14	2.2600	0.3	s
19-01-2026 13:43:30	2.2500	45.4	b
19-01-2026 13:43:23	2.2600	0.1	s
19-01-2026 13:42:31	2.2600	0.3	s
19-01-2026 13:40:27	2.2500	0.1	b
19-01-2026 13:39:56	2.2500	0.1	b
19-01-2026 13:39:36	2.2500	2.6	b
19-01-2026 13:39:35	2.2500	162	b
19-01-2026 13:39:35	2.2600	11.3	b
19-01-2026 13:39:35	2.2600	299.5	b
19-01-2026 13:39:33	2.2600	0.3	b
19-01-2026 13:39:30	2.2600	0.1	b
19-01-2026 13:39:17	2.2600	0.1	b
19-01-2026 13:39:04	2.2600	0.1	b
19-01-2026 13:38:51	2.2600	0.1	b
19-01-2026 13:38:38	2.2600	0.1	b
19-01-2026 13:38:25	2.2600	0.1	b
19-01-2026 13:38:12	2.2600	0.1	b
19-01-2026 13:38:10	2.2600	1.2	b
19-01-2026 13:37:59	2.2700	1.3	s
19-01-2026 13:37:59	2.2600	0.1	b
19-01-2026 13:37:45	2.2600	0.1	b
19-01-2026 13:37:34	2.2600	0.1	b
19-01-2026 13:37:21	2.2600	0.1	b
19-01-2026 13:37:07	2.2600	0.1	b
19-01-2026 13:37:03	2.2700	0.1	s
19-01-2026 13:36:54	2.2600	0.1	b
19-01-2026 13:36:42	2.2600	0.1	b
19-01-2026 13:36:28	2.2600	0.1	b
19-01-2026 13:36:15	2.2600	0.1	b
19-01-2026 13:36:03	2.2600	0.1	b
19-01-2026 13:35:59	2.2600	2.3	b
19-01-2026 13:35:57	2.2600	10.5	b
19-01-2026 13:35:54	2.2600	1.8	b
19-01-2026 13:35:52	2.2600	7.7	b
19-01-2026 13:35:51	2.2600	1.1	b
19-01-2026 13:35:49	2.2600	0.1	b
19-01-2026 13:35:40	2.2600	0.6	b
19-01-2026 13:35:33	2.2600	0.1	b
19-01-2026 13:35:29	2.2700	0.3	s
19-01-2026 13:35:20	2.2600	0.1	b
19-01-2026 13:35:07	2.2600	0.1	b
19-01-2026 13:34:53	2.2600	0.1	b
19-01-2026 13:34:45	2.2600	2.2	b
19-01-2026 13:34:43	2.2600	9.8	b
19-01-2026 13:34:34	2.2600	0.1	b
19-01-2026 13:34:32	2.2600	0.2	b
19-01-2026 13:34:30	2.2700	1.5	s
19-01-2026 13:34:25	2.2600	0.4	b
19-01-2026 13:34:20	2.2600	0.3	b
19-01-2026 13:34:19	2.2600	0.7	b
19-01-2026 13:34:19	2.2600	0.1	b
19-01-2026 13:34:02	2.2600	0.1	b
19-01-2026 13:33:46	2.2600	0.1	b
19-01-2026 13:33:45	2.2700	0.1	s
19-01-2026 13:33:29	2.2600	0.1	b
19-01-2026 13:33:13	2.2600	0.1	b
19-01-2026 13:32:57	2.2600	0.1	b
19-01-2026 13:32:40	2.2600	0.1	b
19-01-2026 13:32:33	2.2600	0.2	b
19-01-2026 13:32:31	2.2600	1.6	b
19-01-2026 13:32:29	2.2600	7.1	b
19-01-2026 13:32:26	2.2600	0.2	b
19-01-2026 13:31:55	2.2600	0.1	b
19-01-2026 13:30:53	2.2600	0.1	b
19-01-2026 13:30:50	2.2600	1.2	b
19-01-2026 13:30:44	2.2600	0.1	b
19-01-2026 13:30:27	2.2600	9.2	b
19-01-2026 13:30:22	2.2600	0.1	b
19-01-2026 13:30:05	2.2600	0.1	b
19-01-2026 13:30:00	2.2700	0.1	s
19-01-2026 13:29:41	2.2600	0.1	b
19-01-2026 13:29:13	2.2600	0.1	b
19-01-2026 13:28:46	2.2600	0.1	b
19-01-2026 13:28:39	2.2700	0.4	s
19-01-2026 13:28:17	2.2600	0.1	b
19-01-2026 13:27:55	2.2600	0.1	b
19-01-2026 13:27:53	2.2600	15.9	b
19-01-2026 13:27:49	2.2600	0.1	b
19-01-2026 13:27:47	2.2600	1	b
19-01-2026 13:27:21	2.2600	0.1	b
19-01-2026 13:26:53	2.2600	0.1	b
19-01-2026 13:26:25	2.2600	0.1	b
19-01-2026 13:25:57	2.2600	0.1	b
19-01-2026 13:25:30	2.2600	3.7	b
19-01-2026 13:25:27	2.2600	0.1	b
19-01-2026 13:25:12	2.2600	0.1	b
19-01-2026 13:24:59	2.2600	0.1	b
19-01-2026 13:24:32	2.2600	0.1	b
19-01-2026 13:23:08	2.2600	6.7	b
19-01-2026 13:23:06	2.2600	1.1	b
19-01-2026 13:22:39	2.2600	0.1	b
19-01-2026 13:22:32	2.2600	1	b
19-01-2026 13:22:07	2.2700	0.3	s
19-01-2026 13:20:48	2.2600	0.1	b
19-01-2026 13:20:44	2.2600	0.1	b
19-01-2026 13:20:17	2.2600	0.3	b
19-01-2026 13:19:54	2.2700	0.1	s
19-01-2026 13:19:52	2.2600	0.1	b
19-01-2026 13:19:34	2.2700	0.5	s
19-01-2026 13:19:04	2.2600	0.1	b
19-01-2026 13:18:14	2.2600	0.1	b
19-01-2026 13:17:25	2.2600	0.1	b
19-01-2026 13:17:22	2.2600	7.6	b
19-01-2026 13:17:15	2.2600	1.1	b
19-01-2026 13:17:10	2.2600	0.1	b
19-01-2026 13:16:21	2.2600	0.1	b
19-01-2026 13:15:26	2.2600	0.1	b
19-01-2026 13:15:25	2.2600	1.1	b
19-01-2026 13:14:56	2.2600	0.3	b
19-01-2026 13:14:49	2.2600	11	b
19-01-2026 13:14:26	2.2600	0.1	b
19-01-2026 13:14:26	2.2600	0.1	b
19-01-2026 13:14:05	2.2600	10.5	b
19-01-2026 13:12:17	2.2600	5.6	b
19-01-2026 13:12:09	2.2600	23.5	b
19-01-2026 13:08:56	2.2600	0.3	b
19-01-2026 13:05:50	2.2600	6.6	b
19-01-2026 13:03:56	2.2600	0.6	b
19-01-2026 13:00:02	2.2600	0.7	b
19-01-2026 13:00:00	2.2700	4.8	s
19-01-2026 12:58:46	2.2700	4	b
19-01-2026 11:59:45	2.2600	0.1	b
19-01-2026 11:59:38	2.2700	0.1	s
19-01-2026 11:59:37	2.2700	0.1	s
19-01-2026 11:59:25	2.2600	0.2	b
19-01-2026 11:59:25	2.2600	0.1	b
19-01-2026 11:59:15	2.2600	2.2	b
19-01-2026 11:59:11	2.2600	0.1	b
19-01-2026 11:59:08	2.2600	0.3	b
19-01-2026 11:59:00	2.2600	31.5	b
19-01-2026 11:59:00	2.2600	4.6	b
19-01-2026 11:58:48	2.2600	0.3	b
19-01-2026 11:58:36	2.2600	0.1	b
19-01-2026 11:57:47	2.2600	0.1	b
19-01-2026 11:57:36	2.2600	0.3	b
19-01-2026 11:57:35	2.2600	0.2	b
19-01-2026 11:56:46	2.2600	0.1	b
19-01-2026 11:56:36	2.2600	0.3	b
19-01-2026 11:56:00	2.2600	0.2	b
19-01-2026 11:55:49	2.2600	0.1	b
19-01-2026 11:55:24	2.2600	0.3	b
19-01-2026 11:54:47	2.2600	0.1	b
19-01-2026 11:53:04	2.2600	0.3	b
19-01-2026 11:53:03	2.2600	0.1	b
19-01-2026 11:52:03	2.2600	0.1	b
19-01-2026 11:50:48	2.2600	0.1	b
19-01-2026 11:49:48	2.2600	0.1	b
19-01-2026 11:48:48	2.2600	0.1	b
19-01-2026 11:48:04	2.2600	0.3	b
19-01-2026 11:47:48	2.2600	0.1	b
19-01-2026 11:46:28	2.2600	0.1	b
19-01-2026 11:45:28	2.2600	0.1	b
19-01-2026 11:44:08	2.2600	0.1	b
19-01-2026 11:43:47	2.2600	1	b
19-01-2026 11:42:29	2.2600	20	b
19-01-2026 11:42:11	2.2600	0.2	b
19-01-2026 11:40:12	2.2600	0.1	b
19-01-2026 11:40:01	2.2700	0.1	s
19-01-2026 11:38:54	2.2600	0.1	b
19-01-2026 11:37:54	2.2600	0.1	b
19-01-2026 11:36:57	2.2700	0.1	s
19-01-2026 11:36:56	2.2700	12.5	s
19-01-2026 11:36:17	2.2600	0.1	b
19-01-2026 11:35:17	2.2600	0.5	b
19-01-2026 11:35:17	2.2600	0.1	b
19-01-2026 11:34:32	2.2700	12.6	s
19-01-2026 11:34:28	2.2600	0.1	b
19-01-2026 11:33:48	2.2600	0.1	b
19-01-2026 11:33:36	2.2700	0.1	s
19-01-2026 11:33:08	2.2600	0.1	b
19-01-2026 11:32:34	2.2600	6.7	b
19-01-2026 11:32:31	2.2600	0.1	b
19-01-2026 11:31:11	2.2600	0.1	b
19-01-2026 11:31:00	2.2600	0.1	b
19-01-2026 11:30:57	2.2600	0.1	b
19-01-2026 11:30:57	2.2600	0.7	b
19-01-2026 11:30:57	2.2600	0.1	b
19-01-2026 11:30:55	2.2600	7	b
19-01-2026 11:30:47	2.2600	1.5	b
19-01-2026 11:30:47	2.2600	0.1	b
19-01-2026 11:30:45	2.2600	9	b
19-01-2026 11:30:44	2.2600	0.2	b
19-01-2026 11:30:11	2.2600	0.1	b
19-01-2026 11:29:38	2.2600	0.9	b
19-01-2026 11:29:36	2.2600	5	b
19-01-2026 11:29:11	2.2600	0.1	b
19-01-2026 11:28:13	2.2600	0.1	b
19-01-2026 11:28:11	2.2600	0.1	b
19-01-2026 11:27:11	2.2600	0.1	b
19-01-2026 11:26:11	2.2600	0.1	b
19-01-2026 11:25:47	2.2600	0.2	b
19-01-2026 11:25:32	2.2600	0.1	b
19-01-2026 11:25:31	2.2600	0.1	b
19-01-2026 11:24:31	2.2600	0.1	b
19-01-2026 11:23:31	2.2600	0.1	b
19-01-2026 11:23:01	2.2600	0.1	b
19-01-2026 11:22:39	2.2600	0.1	b
19-01-2026 11:22:26	2.2600	0.1	b
19-01-2026 11:22:11	2.2600	0.1	b
19-01-2026 11:21:29	2.2600	1.2	b
19-01-2026 11:21:11	2.2600	0.1	b
19-01-2026 11:20:50	2.2600	0.1	b
19-01-2026 11:20:36	2.2600	0.1	b
19-01-2026 11:20:21	2.2600	0.1	b
19-01-2026 11:20:11	2.2600	0.1	b
19-01-2026 11:20:04	2.2600	0.1	b
19-01-2026 11:19:04	2.2600	0.1	b
19-01-2026 11:17:53	2.2600	0.1	b
19-01-2026 11:16:53	2.2600	0.1	b
19-01-2026 11:16:33	2.2600	0.1	b
19-01-2026 11:16:31	2.2600	0.1	b
19-01-2026 11:16:19	2.2600	1.2	b
19-01-2026 11:16:13	2.2600	0.1	b
19-01-2026 11:15:01	2.2600	0.1	b
19-01-2026 11:15:00	2.2600	0.1	b
19-01-2026 11:14:51	2.2600	0.1	b
19-01-2026 11:14:48	2.2600	0.1	b
19-01-2026 11:14:48	2.2600	0.1	b
19-01-2026 11:14:47	2.2600	0.1	b
19-01-2026 11:14:45	2.2600	14.9	b
19-01-2026 11:14:04	2.2600	0.1	b
19-01-2026 11:13:56	2.2600	0.7	b
19-01-2026 11:13:51	2.2600	0.2	b
19-01-2026 11:10:23	2.2600	0.2	b
19-01-2026 11:10:23	2.2600	1.1	b
19-01-2026 11:10:11	2.2600	0.2	b
19-01-2026 11:07:52	2.2600	0.1	b
19-01-2026 11:07:51	2.2600	0.2	b
19-01-2026 11:07:45	2.2600	0.1	b
19-01-2026 11:07:44	2.2600	0.1	b
19-01-2026 11:07:43	2.2600	0.4	b
19-01-2026 11:05:44	2.2600	0.1	b
19-01-2026 11:05:31	2.2600	0.2	b
19-01-2026 11:05:20	2.2600	0.1	b
19-01-2026 11:05:16	2.2700	0.1	s
19-01-2026 11:05:15	2.2700	0.1	s
19-01-2026 11:05:13	2.2600	1.1	b
19-01-2026 11:04:56	2.2600	0.1	b
19-01-2026 11:04:41	2.2600	0.3	b
19-01-2026 11:04:26	2.2600	0.1	b
19-01-2026 11:03:57	2.2600	0.1	b
19-01-2026 11:03:10	2.2700	0.1	s
19-01-2026 11:02:51	2.2600	0.2	b
19-01-2026 11:02:24	2.2600	1.1	b
19-01-2026 11:01:15	2.2700	0.1	s
19-01-2026 11:01:02	2.2600	0.1	b
19-01-2026 11:00:44	2.2600	0.1	b
19-01-2026 11:00:26	2.2600	0.1	b
19-01-2026 11:00:11	2.2600	0.2	b
19-01-2026 11:00:07	2.2600	0.1	b
19-01-2026 10:59:42	2.2600	0.1	b
19-01-2026 10:59:12	2.2700	0.1	s
19-01-2026 10:59:12	2.2700	25	s
19-01-2026 10:58:50	2.2600	0.1	b
19-01-2026 10:58:22	2.2600	0.1	b
19-01-2026 10:58:02	2.2600	0.9	b
19-01-2026 10:58:00	2.2600	0.1	b
19-01-2026 10:58:00	2.2600	10.1	b
19-01-2026 10:56:57	2.2600	0.2	b
19-01-2026 10:56:53	2.2600	1.1	b
19-01-2026 10:55:11	2.2700	0.1	s
19-01-2026 10:54:55	2.2600	0.1	b
19-01-2026 10:54:51	2.2600	0.3	b
19-01-2026 10:53:17	2.2600	0.1	b
19-01-2026 10:52:05	2.2600	1.1	b
19-01-2026 10:51:01	2.2600	0.1	b
19-01-2026 10:50:56	2.2600	0.7	b
19-01-2026 10:50:44	2.2600	0.1	b
19-01-2026 10:50:29	2.2600	0.1	b
19-01-2026 10:50:26	2.2600	0.1	b
19-01-2026 10:50:26	2.2600	0.3	b
19-01-2026 10:50:15	2.2600	0.1	b
19-01-2026 10:49:59	2.2600	0.1	b
19-01-2026 10:49:47	2.2600	0.1	b
19-01-2026 10:49:35	2.2600	0.1	b
19-01-2026 10:49:23	2.2600	0.1	b
19-01-2026 10:49:11	2.2600	0.1	b
19-01-2026 10:48:59	2.2600	0.1	b
19-01-2026 10:48:47	2.2600	0.1	b
19-01-2026 10:48:34	2.2600	0.1	b
19-01-2026 10:48:22	2.2600	0.1	b
19-01-2026 10:48:16	2.2700	0.1	s
19-01-2026 10:48:16	2.2700	10	s
19-01-2026 10:48:06	2.2600	0.1	b
19-01-2026 10:47:52	2.2700	2.1	s
19-01-2026 10:47:52	2.2700	0.7	s
19-01-2026 10:47:47	2.2600	0.1	b
19-01-2026 10:47:35	2.2600	0.1	b
19-01-2026 10:47:23	2.2600	0.1	b
19-01-2026 10:47:10	2.2600	0.1	b
19-01-2026 10:46:58	2.2600	0.1	b
19-01-2026 10:46:45	2.2600	0.1	b
19-01-2026 10:46:34	2.2600	0.1	b
19-01-2026 10:46:22	2.2600	0.3	b
19-01-2026 10:46:21	2.2600	0.6	b
19-01-2026 10:46:21	2.2600	0.1	b
19-01-2026 10:46:10	2.2600	0.1	b
19-01-2026 10:45:57	2.2600	0.1	b
19-01-2026 10:45:45	2.2600	0.1	b
19-01-2026 10:45:33	2.2600	0.1	b
19-01-2026 10:45:21	2.2600	0.1	b
19-01-2026 10:45:08	2.2600	0.1	b
19-01-2026 10:44:55	2.2600	0.1	b
19-01-2026 10:44:38	2.2600	0.1	b
19-01-2026 10:44:31	2.2700	0.1	s
19-01-2026 10:44:28	2.2700	1.7	s
19-01-2026 10:44:28	2.2700	0.1	s
19-01-2026 10:44:21	2.2600	0.1	b
19-01-2026 10:44:04	2.2600	0.1	b
19-01-2026 10:43:47	2.2600	0.1	b
19-01-2026 10:43:31	2.2600	0.1	b
19-01-2026 10:43:16	2.2600	0.1	b
19-01-2026 10:43:15	2.2600	9.2	b
19-01-2026 10:41:25	2.2600	0.3	b
19-01-2026 10:37:45	2.2600	0.3	b
19-01-2026 10:37:09	2.2600	0.3	b
19-01-2026 10:37:07	2.2600	1.2	b
19-01-2026 10:36:32	2.2600	0.1	b
19-01-2026 10:34:50	2.2600	0.2	b
19-01-2026 10:34:44	2.2600	1	b
19-01-2026 10:34:39	2.2600	0.2	b
19-01-2026 10:34:29	2.2600	0.3	b
19-01-2026 10:34:28	2.2600	0.2	b
19-01-2026 10:34:25	2.2600	0.2	b
19-01-2026 10:34:14	2.2600	0.2	b
19-01-2026 10:34:02	2.2600	0.2	b
19-01-2026 10:33:50	2.2600	0.2	b
19-01-2026 10:33:41	2.2600	0.2	b
19-01-2026 10:33:29	2.2600	0.2	b
19-01-2026 10:33:27	2.2600	0.1	b
19-01-2026 10:33:25	2.2600	5	b
19-01-2026 10:33:17	2.2600	0.2	b
19-01-2026 10:33:08	2.2600	0.2	b
19-01-2026 10:33:01	2.2700	0.1	s
19-01-2026 10:32:53	2.2600	0.2	b
19-01-2026 10:32:44	2.2600	0.2	b
19-01-2026 10:32:28	2.2600	0.2	b
19-01-2026 10:32:08	2.2600	0.2	b
19-01-2026 10:31:22	2.2700	8.5	s
19-01-2026 10:31:03	2.2600	0.1	b
19-01-2026 10:30:53	2.2600	0.1	b
19-01-2026 10:30:46	2.2600	0.1	b
19-01-2026 10:30:36	2.2600	0.1	b
19-01-2026 10:30:29	2.2600	0.1	b
19-01-2026 10:30:20	2.2600	0.1	b
19-01-2026 10:30:20	2.2600	0.2	b
19-01-2026 10:30:20	2.2600	0.1	b
19-01-2026 10:30:18	2.2600	0.1	b
19-01-2026 10:30:15	2.2600	0.2	b
19-01-2026 10:30:15	2.2600	23.9	b
19-01-2026 10:30:09	2.2600	1.2	b
19-01-2026 10:30:09	2.2600	0.1	b
19-01-2026 10:30:00	2.2600	0.1	b
19-01-2026 10:29:30	2.2600	0.1	b
19-01-2026 10:29:01	2.2600	0.1	b
19-01-2026 10:28:32	2.2600	0.1	b
19-01-2026 10:28:02	2.2600	0.1	b
19-01-2026 10:27:32	2.2600	0.1	b
19-01-2026 10:27:03	2.2600	0.1	b
19-01-2026 10:25:36	2.2600	1.1	b
19-01-2026 10:22:46	2.2700	0.1	s
19-01-2026 10:22:44	2.2700	1.7	s
19-01-2026 10:22:44	2.2600	5.2	b
19-01-2026 10:22:44	2.2600	0.1	b
19-01-2026 10:20:45	2.2600	0.2	b
19-01-2026 10:20:43	2.2600	0.1	b
19-01-2026 10:20:43	2.2600	1.2	b
19-01-2026 10:19:24	2.2600	0.1	b
19-01-2026 10:18:43	2.2600	0.2	b
19-01-2026 10:16:22	2.2600	0.2	b
19-01-2026 10:16:21	2.2600	1.1	b
19-01-2026 10:15:23	2.2600	0.7	b
19-01-2026 10:15:20	2.2700	3.9	s
19-01-2026 10:14:44	2.2600	0.1	b
19-01-2026 10:14:06	2.2600	0.1	b
19-01-2026 10:14:04	2.2600	0.1	b
19-01-2026 10:13:04	2.2600	0.1	b
19-01-2026 10:12:43	2.2600	0.3	b
19-01-2026 10:12:24	2.2600	0.1	b
19-01-2026 10:11:47	2.2600	0.2	b
19-01-2026 10:11:24	2.2600	0.1	b
19-01-2026 10:11:16	2.2600	1.1	b
19-01-2026 10:10:44	2.2600	0.1	b
19-01-2026 10:10:06	2.2600	0.3	b
19-01-2026 10:09:24	2.2600	0.2	b
19-01-2026 10:09:23	2.2600	1.1	b
19-01-2026 10:08:44	2.2600	0.1	b
19-01-2026 10:08:44	2.2600	0.1	b
19-01-2026 10:05:59	2.2600	0.1	b
19-01-2026 10:05:58	2.2600	1	b
19-01-2026 10:05:24	2.2600	0.1	b
19-01-2026 10:04:27	2.2600	0.3	b
19-01-2026 10:04:24	2.2600	1	b
19-01-2026 10:04:24	2.2600	0.3	b
19-01-2026 10:04:04	2.2600	0.1	b
19-01-2026 10:02:44	2.2600	0.1	b
19-01-2026 10:01:26	2.2600	0.1	b
19-01-2026 10:01:24	2.2600	0.1	b
19-01-2026 10:00:32	2.2600	0.1	b
19-01-2026 10:00:32	2.2600	0.1	b
19-01-2026 10:00:05	2.2600	0.1	b
19-01-2026 10:00:04	2.2600	0.1	b
19-01-2026 10:00:03	2.2600	0.1	b
19-01-2026 10:00:01	2.2700	2	s
19-01-2026 10:00:00	2.2700	2.6	s
19-01-2026 10:00:00	2.2600	1.1	b
19-01-2026 10:00:00	2.2600	31.5	b
19-01-2026 09:59:56	2.2600	1.2	b
19-01-2026 09:59:55	2.2600	5	b
19-01-2026 09:59:44	2.2600	0.1	b
19-01-2026 09:59:38	2.2600	0.1	b
19-01-2026 09:58:58	2.2600	0.1	b
19-01-2026 09:57:26	2.2700	0.1	s
19-01-2026 09:57:26	2.2600	0.1	b
19-01-2026 09:57:24	2.2600	0.1	b
19-01-2026 09:57:23	2.2700	1.1	s
19-01-2026 09:57:23	2.2600	0.2	b
19-01-2026 09:57:23	2.2600	0.1	b
19-01-2026 09:57:21	2.2600	0.2	b
19-01-2026 09:57:21	2.2600	21	b
19-01-2026 09:55:10	2.2600	0.1	b
19-01-2026 09:55:08	2.2700	0.1	s
19-01-2026 09:54:33	2.2600	0.2	b
19-01-2026 09:53:48	2.2600	0.1	b
19-01-2026 09:53:40	2.2600	0.2	b
19-01-2026 09:52:48	2.2600	0.1	b
19-01-2026 09:52:45	2.2600	1.2	b
19-01-2026 09:51:59	2.2600	0.1	b
19-01-2026 09:50:54	2.2600	0.1	b
19-01-2026 09:50:30	2.2600	0.1	b
19-01-2026 09:50:04	2.2600	0.1	b
19-01-2026 09:49:47	2.2600	0.1	b
19-01-2026 09:49:40	2.2600	0.2	b
19-01-2026 09:49:33	2.2600	0.1	b
19-01-2026 09:49:17	2.2600	0.1	b
19-01-2026 09:49:09	2.2600	0.1	b
19-01-2026 09:49:09	2.2600	0.1	b
19-01-2026 09:49:07	2.2600	1.2	b
19-01-2026 09:49:05	2.2600	2.2	b
19-01-2026 09:49:04	2.2600	64.6	b
19-01-2026 09:49:00	2.2600	0.2	b
19-01-2026 09:49:00	2.2600	1.9	b
19-01-2026 09:48:48	2.2600	0.2	b
19-01-2026 09:48:45	2.2600	5.8	b
19-01-2026 09:48:44	2.2600	0.1	b
19-01-2026 09:48:28	2.2600	0.1	b
19-01-2026 09:48:12	2.2600	0.1	b
19-01-2026 09:47:57	2.2600	0.1	b
19-01-2026 09:47:37	2.2600	5	b
19-01-2026 09:47:37	2.2700	2.8	s
19-01-2026 09:47:36	2.2600	1.2	b
19-01-2026 09:47:36	2.2600	1	b
19-01-2026 09:47:29	2.2600	0.1	b
19-01-2026 09:47:25	2.2600	0.1	b
19-01-2026 09:47:10	2.2600	0.1	b
19-01-2026 09:46:55	2.2600	1	b
19-01-2026 09:46:53	2.2600	0.1	b
19-01-2026 09:46:38	2.2600	0.1	b
19-01-2026 09:46:25	2.2600	0.2	b
19-01-2026 09:46:23	2.2600	0.1	b
19-01-2026 09:46:07	2.2600	0.1	b
19-01-2026 09:45:51	2.2600	0.1	b
19-01-2026 09:45:17	2.2600	0.2	b
19-01-2026 09:45:17	2.2600	1.1	b
19-01-2026 09:45:15	2.2600	20.7	b
19-01-2026 09:43:05	2.2600	0.3	b
19-01-2026 09:38:27	2.2600	0.1	b
19-01-2026 09:38:25	2.2600	0.3	b
19-01-2026 09:34:22	2.2600	0.1	b
19-01-2026 09:33:41	2.2600	0.1	b
19-01-2026 09:32:04	2.2600	0.9	b
19-01-2026 09:30:47	2.2600	0.1	b
19-01-2026 09:30:45	2.2600	0.3	b
19-01-2026 09:26:05	2.2600	0.3	b
19-01-2026 09:20:57	2.2600	0.1	b
19-01-2026 09:20:46	2.2600	0.1	b
19-01-2026 09:20:36	2.2600	0.1	b
19-01-2026 09:20:25	2.2600	0.1	b
19-01-2026 09:20:14	2.2600	0.1	b
19-01-2026 09:20:04	2.2600	0.1	b
19-01-2026 09:19:43	2.2600	0.1	b
19-01-2026 09:19:18	2.2600	0.1	b
19-01-2026 09:18:52	2.2600	0.1	b
19-01-2026 09:18:27	2.2600	0.1	b
19-01-2026 09:18:02	2.2600	0.1	b
19-01-2026 09:17:52	2.2600	0.2	b
19-01-2026 09:17:36	2.2600	0.1	b
19-01-2026 09:17:11	2.2600	0.1	b
19-01-2026 09:16:47	2.2600	0.1	b
19-01-2026 09:16:28	2.2600	0.1	b
19-01-2026 09:16:27	2.2600	5.4	b
19-01-2026 09:16:25	2.2600	0.1	b
19-01-2026 09:16:00	2.2600	0.1	b
19-01-2026 09:15:35	2.2600	0.1	b
19-01-2026 09:15:17	2.2600	1.5	b
19-01-2026 09:15:10	2.2600	0.1	b
19-01-2026 09:14:53	2.2600	0.1	b
19-01-2026 09:14:41	2.2700	1.2	s
19-01-2026 09:14:41	2.2600	0.1	b
19-01-2026 09:14:28	2.2600	0.1	b
19-01-2026 09:14:16	2.2600	0.1	b
19-01-2026 09:14:04	2.2600	0.1	b
19-01-2026 09:13:53	2.2600	0.1	b
19-01-2026 09:13:50	2.2600	5	b
19-01-2026 09:13:42	2.2600	0.1	b
19-01-2026 09:13:31	2.2600	0.1	b
19-01-2026 09:13:18	2.2600	0.1	b
19-01-2026 09:13:06	2.2600	0.1	b
19-01-2026 09:12:54	2.2600	0.1	b
19-01-2026 09:12:41	2.2600	0.1	b
19-01-2026 09:12:33	2.2700	5	s
19-01-2026 09:10:39	2.2700	0.2	s
19-01-2026 09:09:29	2.2700	1.7	s
19-01-2026 09:08:01	2.2700	1.6	s
19-01-2026 09:05:31	2.2700	1	s
19-01-2026 09:04:06	2.2700	1.6	s
19-01-2026 09:04:05	2.2700	13.2	s
19-01-2026 09:04:04	2.2600	12.8	s
19-01-2026 09:04:04	2.2600	83.5	s
19-01-2026 09:04:03	2.2600	1.1	s
19-01-2026 09:04:02	2.2600	2	s
19-01-2026 09:04:02	2.2600	5.5	s
19-01-2026 09:03:27	2.2600	5.2	s
19-01-2026 09:00:11	2.2600	1.9	s
19-01-2026 09:00:10	2.2600	3.1	s
19-01-2026 09:00:10	2.2600	20.8	s
19-01-2026 09:00:09	2.2600	0.1	s
19-01-2026 09:00:05	2.2600	0.1	s
19-01-2026 09:00:04	2.2600	2	s
19-01-2026 09:00:02	2.2600	4.2	s
19-01-2026 09:00:01	2.2700	28.1	s
19-01-2026 09:00:01	2.2500	25.7	b
19-01-2026 09:00:01	2.2600	0.5	s
19-01-2026 09:00:00	2.2500	32.6	b
19-01-2026 09:00:00	2.2600	47.5	s
19-01-2026 09:00:00	2.2600	2.4	s
19-01-2026 09:00:00	2.2600	100	s
19-01-2026 08:58:18	2.2600	395.9	b
